event_name,arm_num,day_offset,offset_min,offset_max,unique_event_name
1,1,1,0,0,1_arm_1
2,1,2,0,0,2_arm_1
3,1,3,0,0,3_arm_1
4,1,4,0,0,4_arm_1
5,1,5,0,0,5_arm_1
6,1,6,0,0,6_arm_1
7,1,7,0,0,7_arm_1
8,1,8,0,0,8_arm_1
9,1,9,0,0,9_arm_1
10,1,10,0,0,10_arm_1
11,1,11,0,0,11_arm_1
12,1,12,0,0,12_arm_1
13,1,13,0,0,13_arm_1
14,1,14,0,0,14_arm_1
15,1,15,0,0,15_arm_1
16,1,16,0,0,16_arm_1
17,1,17,0,0,17_arm_1
18,1,18,0,0,18_arm_1
19,1,19,0,0,19_arm_1
20,1,20,0,0,20_arm_1
21,1,21,0,0,21_arm_1
22,1,22,0,0,22_arm_1
23,1,23,0,0,23_arm_1
24,1,24,0,0,24_arm_1
25,1,25,0,0,25_arm_1
26,1,26,0,0,26_arm_1
27,1,27,0,0,27_arm_1
28,1,28,0,0,28_arm_1
29,1,29,0,0,29_arm_1
30,1,30,0,0,30_arm_1
31,1,31,0,0,31_arm_1
32,1,32,0,0,32_arm_1
33,1,33,0,0,33_arm_1
34,1,34,0,0,34_arm_1
35,1,35,0,0,35_arm_1
36,1,36,0,0,36_arm_1
37,1,37,0,0,37_arm_1
38,1,38,0,0,38_arm_1
39,1,39,0,0,39_arm_1
40,1,40,0,0,40_arm_1
41,1,41,0,0,41_arm_1
42,1,42,0,0,42_arm_1
43,1,43,0,0,43_arm_1
44,1,44,0,0,44_arm_1
45,1,45,0,0,45_arm_1
46,1,46,0,0,46_arm_1
47,1,47,0,0,47_arm_1
48,1,48,0,0,48_arm_1
49,1,49,0,0,49_arm_1
50,1,50,0,0,50_arm_1
51,1,51,0,0,51_arm_1
52,1,52,0,0,52_arm_1
53,1,53,0,0,53_arm_1
54,1,54,0,0,54_arm_1
55,1,55,0,0,55_arm_1
56,1,56,0,0,56_arm_1
57,1,57,0,0,57_arm_1
58,1,58,0,0,58_arm_1
59,1,59,0,0,59_arm_1
60,1,60,0,0,60_arm_1
61,1,61,0,0,61_arm_1
62,1,62,0,0,62_arm_1
63,1,63,0,0,63_arm_1
64,1,64,0,0,64_arm_1
65,1,65,0,0,65_arm_1
66,1,66,0,0,66_arm_1
67,1,67,0,0,67_arm_1
68,1,68,0,0,68_arm_1
69,1,69,0,0,69_arm_1
70,1,70,0,0,70_arm_1
71,1,71,0,0,71_arm_1
72,1,72,0,0,72_arm_1
73,1,73,0,0,73_arm_1
74,1,74,0,0,74_arm_1
75,1,75,0,0,75_arm_1
76,1,76,0,0,76_arm_1
77,1,77,0,0,77_arm_1
78,1,78,0,0,78_arm_1
79,1,79,0,0,79_arm_1
80,1,80,0,0,80_arm_1
81,1,81,0,0,81_arm_1
82,1,82,0,0,82_arm_1
83,1,83,0,0,83_arm_1
84,1,84,0,0,84_arm_1
85,1,85,0,0,85_arm_1
86,1,86,0,0,86_arm_1
87,1,87,0,0,87_arm_1
88,1,88,0,0,88_arm_1
89,1,89,0,0,89_arm_1
90,1,90,0,0,90_arm_1
91,1,91,0,0,91_arm_1
92,1,92,0,0,92_arm_1
93,1,93,0,0,93_arm_1
94,1,94,0,0,94_arm_1
95,1,95,0,0,95_arm_1
96,1,96,0,0,96_arm_1
97,1,97,0,0,97_arm_1
98,1,98,0,0,98_arm_1
99,1,99,0,0,99_arm_1
100,1,100,0,0,100_arm_1
101,1,101,0,0,101_arm_1
102,1,102,0,0,102_arm_1
103,1,103,0,0,103_arm_1
104,1,104,0,0,104_arm_1
105,1,105,0,0,105_arm_1
106,1,106,0,0,106_arm_1
107,1,107,0,0,107_arm_1
108,1,108,0,0,108_arm_1
109,1,109,0,0,109_arm_1
110,1,110,0,0,110_arm_1
111,1,111,0,0,111_arm_1
112,1,112,0,0,112_arm_1
113,1,113,0,0,113_arm_1
114,1,114,0,0,114_arm_1
115,1,115,0,0,115_arm_1
116,1,116,0,0,116_arm_1
117,1,117,0,0,117_arm_1
118,1,118,0,0,118_arm_1
119,1,119,0,0,119_arm_1
120,1,120,0,0,120_arm_1
121,1,121,0,0,121_arm_1
122,1,122,0,0,122_arm_1
123,1,123,0,0,123_arm_1
124,1,124,0,0,124_arm_1
125,1,125,0,0,125_arm_1
126,1,126,0,0,126_arm_1
127,1,127,0,0,127_arm_1
128,1,128,0,0,128_arm_1
129,1,129,0,0,129_arm_1
130,1,130,0,0,130_arm_1
131,1,131,0,0,131_arm_1
132,1,132,0,0,132_arm_1
133,1,133,0,0,133_arm_1
134,1,134,0,0,134_arm_1
135,1,135,0,0,135_arm_1
136,1,136,0,0,136_arm_1
137,1,137,0,0,137_arm_1
138,1,138,0,0,138_arm_1
139,1,139,0,0,139_arm_1
140,1,140,0,0,140_arm_1
141,1,141,0,0,141_arm_1
142,1,142,0,0,142_arm_1
143,1,143,0,0,143_arm_1
144,1,144,0,0,144_arm_1
145,1,145,0,0,145_arm_1
146,1,146,0,0,146_arm_1
147,1,147,0,0,147_arm_1
148,1,148,0,0,148_arm_1
149,1,149,0,0,149_arm_1
150,1,150,0,0,150_arm_1
151,1,151,0,0,151_arm_1
152,1,152,0,0,152_arm_1
153,1,153,0,0,153_arm_1
154,1,154,0,0,154_arm_1
155,1,155,0,0,155_arm_1
156,1,156,0,0,156_arm_1
157,1,157,0,0,157_arm_1
158,1,158,0,0,158_arm_1
159,1,159,0,0,159_arm_1
160,1,160,0,0,160_arm_1
161,1,161,0,0,161_arm_1
162,1,162,0,0,162_arm_1
163,1,163,0,0,163_arm_1
164,1,164,0,0,164_arm_1
165,1,165,0,0,165_arm_1
166,1,166,0,0,166_arm_1
167,1,167,0,0,167_arm_1
168,1,168,0,0,168_arm_1
169,1,169,0,0,169_arm_1
170,1,170,0,0,170_arm_1
171,1,171,0,0,171_arm_1
172,1,172,0,0,172_arm_1
173,1,173,0,0,173_arm_1
174,1,174,0,0,174_arm_1
175,1,175,0,0,175_arm_1
176,1,176,0,0,176_arm_1
177,1,177,0,0,177_arm_1
178,1,178,0,0,178_arm_1
179,1,179,0,0,179_arm_1
180,1,180,0,0,180_arm_1
181,1,181,0,0,181_arm_1
182,1,182,0,0,182_arm_1
183,1,183,0,0,183_arm_1
184,1,184,0,0,184_arm_1
185,1,185,0,0,185_arm_1
186,1,186,0,0,186_arm_1
187,1,187,0,0,187_arm_1
188,1,188,0,0,188_arm_1
189,1,189,0,0,189_arm_1
190,1,190,0,0,190_arm_1
191,1,191,0,0,191_arm_1
192,1,192,0,0,192_arm_1
193,1,193,0,0,193_arm_1
194,1,194,0,0,194_arm_1
195,1,195,0,0,195_arm_1
196,1,196,0,0,196_arm_1
197,1,197,0,0,197_arm_1
198,1,198,0,0,198_arm_1
199,1,199,0,0,199_arm_1
200,1,200,0,0,200_arm_1
201,1,201,0,0,201_arm_1
202,1,202,0,0,202_arm_1
203,1,203,0,0,203_arm_1
204,1,204,0,0,204_arm_1
205,1,205,0,0,205_arm_1
206,1,206,0,0,206_arm_1
207,1,207,0,0,207_arm_1
208,1,208,0,0,208_arm_1
209,1,209,0,0,209_arm_1
210,1,210,0,0,210_arm_1
211,1,211,0,0,211_arm_1
212,1,212,0,0,212_arm_1
213,1,213,0,0,213_arm_1
214,1,214,0,0,214_arm_1
215,1,215,0,0,215_arm_1
216,1,216,0,0,216_arm_1
217,1,217,0,0,217_arm_1
218,1,218,0,0,218_arm_1
219,1,219,0,0,219_arm_1
220,1,220,0,0,220_arm_1
221,1,221,0,0,221_arm_1
222,1,222,0,0,222_arm_1
223,1,223,0,0,223_arm_1
224,1,224,0,0,224_arm_1
225,1,225,0,0,225_arm_1
226,1,226,0,0,226_arm_1
227,1,227,0,0,227_arm_1
228,1,228,0,0,228_arm_1
229,1,229,0,0,229_arm_1
230,1,230,0,0,230_arm_1
231,1,231,0,0,231_arm_1
232,1,232,0,0,232_arm_1
233,1,233,0,0,233_arm_1
234,1,234,0,0,234_arm_1
235,1,235,0,0,235_arm_1
236,1,236,0,0,236_arm_1
237,1,237,0,0,237_arm_1
238,1,238,0,0,238_arm_1
239,1,239,0,0,239_arm_1
240,1,240,0,0,240_arm_1
241,1,241,0,0,241_arm_1
242,1,242,0,0,242_arm_1
243,1,243,0,0,243_arm_1
244,1,244,0,0,244_arm_1
245,1,245,0,0,245_arm_1
246,1,246,0,0,246_arm_1
247,1,247,0,0,247_arm_1
248,1,248,0,0,248_arm_1
249,1,249,0,0,249_arm_1
250,1,250,0,0,250_arm_1
251,1,251,0,0,251_arm_1
252,1,252,0,0,252_arm_1
253,1,253,0,0,253_arm_1
254,1,254,0,0,254_arm_1
255,1,255,0,0,255_arm_1
256,1,256,0,0,256_arm_1
257,1,257,0,0,257_arm_1
258,1,258,0,0,258_arm_1
259,1,259,0,0,259_arm_1
260,1,260,0,0,260_arm_1
261,1,261,0,0,261_arm_1
262,1,262,0,0,262_arm_1
263,1,263,0,0,263_arm_1
264,1,264,0,0,264_arm_1
265,1,265,0,0,265_arm_1
266,1,266,0,0,266_arm_1
267,1,267,0,0,267_arm_1
268,1,268,0,0,268_arm_1
269,1,269,0,0,269_arm_1
270,1,270,0,0,270_arm_1
271,1,271,0,0,271_arm_1
272,1,272,0,0,272_arm_1
273,1,273,0,0,273_arm_1
274,1,274,0,0,274_arm_1
275,1,275,0,0,275_arm_1
276,1,276,0,0,276_arm_1
277,1,277,0,0,277_arm_1
278,1,278,0,0,278_arm_1
279,1,279,0,0,279_arm_1
280,1,280,0,0,280_arm_1
281,1,281,0,0,281_arm_1
282,1,282,0,0,282_arm_1
283,1,283,0,0,283_arm_1
284,1,284,0,0,284_arm_1
285,1,285,0,0,285_arm_1
286,1,286,0,0,286_arm_1
287,1,287,0,0,287_arm_1
288,1,288,0,0,288_arm_1
289,1,289,0,0,289_arm_1
290,1,290,0,0,290_arm_1
291,1,291,0,0,291_arm_1
292,1,292,0,0,292_arm_1
293,1,293,0,0,293_arm_1
294,1,294,0,0,294_arm_1
295,1,295,0,0,295_arm_1
296,1,296,0,0,296_arm_1
297,1,297,0,0,297_arm_1
298,1,298,0,0,298_arm_1
299,1,299,0,0,299_arm_1
300,1,300,0,0,300_arm_1